name,stargazers,primaryLanguage,issues
freeCodeCamp,{'totalCount': 310534},{'name': 'JavaScript'},"{'totalCount': 14384, 'nodes': [{'id': 'MDU6SXNzdWU1MjgzNDAyNg=='}, {'id': 'MDU6SXNzdWU1Mjg4MDU0Mw=='}, {'id': 'MDU6SXNzdWU1MzAwNzU0Mg=='}, {'id': 'MDU6SXNzdWU1MzE2NzcxOQ=='}, {'id': 'MDU6SXNzdWU1Mzg4NTQ5NQ=='}, {'id': 'MDU6SXNzdWU1Mzk0NjE1Nw=='}, {'id': 'MDU6SXNzdWU1NDA2MDY3OA=='}, {'id': 'MDU6SXNzdWU1NDA2MjYzMw=='}, {'id': 'MDU6SXNzdWU1NDA5NDQ0NA=='}, {'id': 'MDU6SXNzdWU1NDA5NDUyNA=='}]}"
996.ICU,{'totalCount': 249412},{'name': 'Rust'},"{'totalCount': 0, 'nodes': []}"
vue,{'totalCount': 163435},{'name': 'JavaScript'},"{'totalCount': 8982, 'nodes': [{'id': 'MDU6SXNzdWUxOTE1NjI4MQ=='}, {'id': 'MDU6SXNzdWUxOTE1NjI4NA=='}, {'id': 'MDU6SXNzdWUxOTE1NjI4Ng=='}, {'id': 'MDU6SXNzdWUxOTE1NjI5MA=='}, {'id': 'MDU6SXNzdWUxOTE1NjI5MQ=='}, {'id': 'MDU6SXNzdWUxOTE1NjMyMQ=='}, {'id': 'MDU6SXNzdWUxOTE1NjMzNQ=='}, {'id': 'MDU6SXNzdWUxOTkzMzI0Mw=='}, {'id': 'MDU6SXNzdWUxOTk1ODU5Mg=='}, {'id': 'MDU6SXNzdWUyMDM5ODkxMw=='}]}"
react,{'totalCount': 148190},{'name': 'JavaScript'},"{'totalCount': 9106, 'nodes': [{'id': 'MDU6SXNzdWUxNDkyMzk2OA=='}, {'id': 'MDU6SXNzdWUxNDkyNDc4Mw=='}, {'id': 'MDU6SXNzdWUxNDkzODQ5Mg=='}, {'id': 'MDU6SXNzdWUxNDk0ODE5MA=='}, {'id': 'MDU6SXNzdWUxNDk1MzcyNw=='}, {'id': 'MDU6SXNzdWUxNDk1NjA0MA=='}, {'id': 'MDU6SXNzdWUxNDk2MTI3Mg=='}, {'id': 'MDU6SXNzdWUxNTAzMTg1Mg=='}, {'id': 'MDU6SXNzdWUxNTAzODExNQ=='}, {'id': 'MDU6SXNzdWUxNTA0MDQxNg=='}]}"
free-programming-books,{'totalCount': 146787},,"{'totalCount': 427, 'nodes': [{'id': 'MDU6SXNzdWUyMDg4MzM1MQ=='}, {'id': 'MDU6SXNzdWUyMDkwMzQ2Mg=='}, {'id': 'MDU6SXNzdWUyMDkwOTA1MQ=='}, {'id': 'MDU6SXNzdWUyMDkyNTQ4Ng=='}, {'id': 'MDU6SXNzdWUyMDk1ODM2MA=='}, {'id': 'MDU6SXNzdWUyMDk5Njg3MQ=='}, {'id': 'MDU6SXNzdWUyMDk5Njk2MA=='}, {'id': 'MDU6SXNzdWUyMTAxNjAyMg=='}, {'id': 'MDU6SXNzdWUyMTA5NDczMA=='}, {'id': 'MDU6SXNzdWUyMTI0MDkyMA=='}]}"
tensorflow,{'totalCount': 143985},{'name': 'C++'},"{'totalCount': 24776, 'nodes': [{'id': 'MDU6SXNzdWUxMTU4ODYzMDI='}, {'id': 'MDU6SXNzdWUxMTU4OTQxMzg='}, {'id': 'MDU6SXNzdWUxMTU4OTY2NTY='}, {'id': 'MDU6SXNzdWUxMTU4OTg0NDk='}, {'id': 'MDU6SXNzdWUxMTU5MTA5MDA='}, {'id': 'MDU6SXNzdWUxMTU5MTE3MzU='}, {'id': 'MDU6SXNzdWUxMTU5MTIxMTE='}, {'id': 'MDU6SXNzdWUxMTU5MTQ0OTU='}, {'id': 'MDU6SXNzdWUxMTU5MTQ2OTE='}, {'id': 'MDU6SXNzdWUxMTU5MTQ3NjY='}]}"
bootstrap,{'totalCount': 140555},{'name': 'JavaScript'},"{'totalCount': 19236, 'nodes': [{'id': 'MDU6SXNzdWUxNDQ2Mzk4'}, {'id': 'MDU6SXNzdWUxNDQ2Njc2'}, {'id': 'MDU6SXNzdWUxNDQ3NjA1'}, {'id': 'MDU6SXNzdWUxNDQ3NjUy'}, {'id': 'MDU6SXNzdWUxNDQ3NzIz'}, {'id': 'MDU6SXNzdWUxNDQ4MTY4'}, {'id': 'MDU6SXNzdWUxNDQ4Mjc4'}, {'id': 'MDU6SXNzdWUxNDQ4MzQ1'}, {'id': 'MDU6SXNzdWUxNDQ4NDU1'}, {'id': 'MDU6SXNzdWUxNDQ4NjI0'}]}"
awesome,{'totalCount': 132519},,"{'totalCount': 249, 'nodes': [{'id': 'MDU6SXNzdWUzNzc0NTM3OQ=='}, {'id': 'MDU6SXNzdWUzODkwMjY1OA=='}, {'id': 'MDU6SXNzdWU0MjYwNjY2Nw=='}, {'id': 'MDU6SXNzdWU1MDU2OTI4MA=='}, {'id': 'MDU6SXNzdWU1NDYzMjE3Mg=='}, {'id': 'MDU6SXNzdWU2Njg3Nzk3NA=='}, {'id': 'MDU6SXNzdWU3MTk4OTcxMQ=='}, {'id': 'MDU6SXNzdWU3Mjc3NTU1MQ=='}, {'id': 'MDU6SXNzdWU3MzQ5NTc4NA=='}, {'id': 'MDU6SXNzdWU3NzAzMTQwMg=='}]}"
You-Dont-Know-JS,{'totalCount': 120861},,"{'totalCount': 832, 'nodes': [{'id': 'MDU6SXNzdWUyMjc3MzE4OA=='}, {'id': 'MDU6SXNzdWUyMjg5MDUwOQ=='}, {'id': 'MDU6SXNzdWUyMjk5MjUwNg=='}, {'id': 'MDU6SXNzdWUyMzA5ODMxNA=='}, {'id': 'MDU6SXNzdWUyNDY4MjkwNw=='}, {'id': 'MDU6SXNzdWUyNDY5MTM0MQ=='}, {'id': 'MDU6SXNzdWUyNDc0NzAzNA=='}, {'id': 'MDU6SXNzdWUyNDc0NzkyMw=='}, {'id': 'MDU6SXNzdWUyNTE4NDgyNg=='}, {'id': 'MDU6SXNzdWUyNTE4NDkyNQ=='}]}"
coding-interview-university,{'totalCount': 112830},,"{'totalCount': 113, 'nodes': [{'id': 'MDU6SXNzdWUxODE0Mjk0MzM='}, {'id': 'MDU6SXNzdWUxODE0OTE4MTg='}, {'id': 'MDU6SXNzdWUxODE1MDA1NzI='}, {'id': 'MDU6SXNzdWUxODE1ODMxMzQ='}, {'id': 'MDU6SXNzdWUxODE4MDkzMjg='}, {'id': 'MDU6SXNzdWUxODE4NzY2MzU='}, {'id': 'MDU6SXNzdWUxODE4ODYwNDk='}, {'id': 'MDU6SXNzdWUxODE4OTAzMDY='}, {'id': 'MDU6SXNzdWUxODIxMzA0Nzk='}, {'id': 'MDU6SXNzdWUxODIzMzY4ODE='}]}"
ohmyzsh,{'totalCount': 109274},{'name': 'Shell'},"{'totalCount': 3316, 'nodes': [{'id': 'MDU6SXNzdWU1Mjc1Mw=='}, {'id': 'MDU6SXNzdWU1MjkwMg=='}, {'id': 'MDU6SXNzdWU1MzYyOQ=='}, {'id': 'MDU6SXNzdWU1MzY0OA=='}, {'id': 'MDU6SXNzdWU2MDYyNw=='}, {'id': 'MDU6SXNzdWU2MDYyOA=='}, {'id': 'MDU6SXNzdWU2MDY3Nw=='}, {'id': 'MDU6SXNzdWU2MzYyNw=='}, {'id': 'MDU6SXNzdWU2MzcxNA=='}, {'id': 'MDU6SXNzdWU2MzgzNQ=='}]}"
developer-roadmap,{'totalCount': 107162},,"{'totalCount': 418, 'nodes': [{'id': 'MDU6SXNzdWUyMTQ1NDE1NTg='}, {'id': 'MDU6SXNzdWUyMTQ1NDE3OTA='}, {'id': 'MDU6SXNzdWUyMTQ1NjQyMjE='}, {'id': 'MDU6SXNzdWUyMTQ2NzY3MTg='}, {'id': 'MDU6SXNzdWUyMTQ2Nzk4MzM='}, {'id': 'MDU6SXNzdWUyMTQ4MjMzNTU='}, {'id': 'MDU6SXNzdWUyMTQ4NzEyMjM='}, {'id': 'MDU6SXNzdWUyMTQ4NzE3NzY='}, {'id': 'MDU6SXNzdWUyMTQ4OTgyNjU='}, {'id': 'MDU6SXNzdWUyMTQ5MTEwODY='}]}"
gitignore,{'totalCount': 101038},,"{'totalCount': 0, 'nodes': []}"
CS-Notes,{'totalCount': 100145},{'name': 'Java'},"{'totalCount': 397, 'nodes': [{'id': 'MDU6SXNzdWUyOTk0MzUwNTg='}, {'id': 'MDU6SXNzdWUyOTk5MjcyMjI='}, {'id': 'MDU6SXNzdWUyOTk5OTU4MzI='}, {'id': 'MDU6SXNzdWUzMDAyODcxMDQ='}, {'id': 'MDU6SXNzdWUzMDA5ODg3NzQ='}, {'id': 'MDU6SXNzdWUzMDEzMzA3MzA='}, {'id': 'MDU6SXNzdWUzMDEzOTI3MDI='}, {'id': 'MDU6SXNzdWUzMDE2NDQyMzM='}, {'id': 'MDU6SXNzdWUzMDI2NjE0NDI='}, {'id': 'MDU6SXNzdWUzMDMzNzAzNTA='}]}"
vscode,{'totalCount': 95831},{'name': 'TypeScript'},"{'totalCount': 88643, 'nodes': [{'id': 'MDU6SXNzdWUxMTEyOTM4NzY='}, {'id': 'MDU6SXNzdWUxMTY3OTExMDE='}, {'id': 'MDU6SXNzdWUxMTY4MDMwNzE='}, {'id': 'MDU6SXNzdWUxMTY4MDUwMTA='}, {'id': 'MDU6SXNzdWUxMTY4MDU1NTM='}, {'id': 'MDU6SXNzdWUxMTY4MDU5Nzc='}, {'id': 'MDU6SXNzdWUxMTY5MDEwNjc='}, {'id': 'MDU6SXNzdWUxMTY5MjMxNzU='}, {'id': 'MDU6SXNzdWUxMTY5ODk1MTc='}, {'id': 'MDU6SXNzdWUxMTcwMTA3Mzc='}]}"
javascript,{'totalCount': 95125},{'name': 'JavaScript'},"{'totalCount': 980, 'nodes': [{'id': 'MDU6SXNzdWU4MDQ3MjMy'}, {'id': 'MDU6SXNzdWU4MDQ4NDk5'}, {'id': 'MDU6SXNzdWU4MDQ4NTI2'}, {'id': 'MDU6SXNzdWU4MTE5MDE1'}, {'id': 'MDU6SXNzdWU4MTIzOTky'}, {'id': 'MDU6SXNzdWU4MTgxOTc1'}, {'id': 'MDU6SXNzdWU4MTgzMzQw'}, {'id': 'MDU6SXNzdWU4MjA4Mjgz'}, {'id': 'MDU6SXNzdWU4MjIwMjU1'}, {'id': 'MDU6SXNzdWU4MjI2Mzgw'}]}"
system-design-primer,{'totalCount': 93709},{'name': 'Python'},"{'totalCount': 116, 'nodes': [{'id': 'MDU6SXNzdWUyMTI4OTA3OTk='}, {'id': 'MDU6SXNzdWUyMTI4OTUzMTU='}, {'id': 'MDU6SXNzdWUyMTI5MTc0MDU='}, {'id': 'MDU6SXNzdWUyMTI5MTk0MjU='}, {'id': 'MDU6SXNzdWUyMTI5MjQ2NzY='}, {'id': 'MDU6SXNzdWUyMTI5MzIxOTQ='}, {'id': 'MDU6SXNzdWUyMTMyNDEyNjI='}, {'id': 'MDU6SXNzdWUyMTMyNzY2NzA='}, {'id': 'MDU6SXNzdWUyMTM0NTY4NDU='}, {'id': 'MDU6SXNzdWUyMTU2MzIxMjI='}]}"
flutter,{'totalCount': 91876},{'name': 'Dart'},"{'totalCount': 36452, 'nodes': [{'id': 'MDU6SXNzdWU3MjA2NDMxMg=='}, {'id': 'MDU6SXNzdWU3MjIzODEyMg=='}, {'id': 'MDU6SXNzdWU3MjI2MzE4NQ=='}, {'id': 'MDU6SXNzdWU3MjQ5NjIzMA=='}, {'id': 'MDU6SXNzdWU3MjY3NTI2Mg=='}, {'id': 'MDU6SXNzdWU3Mjk2NTMyNg=='}, {'id': 'MDU6SXNzdWU3MzcyMTMzMw=='}, {'id': 'MDU6SXNzdWU3NzczMzQxNA=='}, {'id': 'MDU6SXNzdWU3Nzc0NzA3OQ=='}, {'id': 'MDU6SXNzdWU3Nzc0Nzg3OA=='}]}"
d3,{'totalCount': 91325},{'name': 'JavaScript'},"{'totalCount': 2034, 'nodes': [{'id': 'MDU6SXNzdWUzNDAwOTM='}, {'id': 'MDU6SXNzdWUzNDAwOTU='}, {'id': 'MDU6SXNzdWUzNDAwOTg='}, {'id': 'MDU6SXNzdWUzNDAwOTk='}, {'id': 'MDU6SXNzdWUzNDAxMDA='}, {'id': 'MDU6SXNzdWUzNDAxMDY='}, {'id': 'MDU6SXNzdWUzNDAxMTY='}, {'id': 'MDU6SXNzdWUzNDAxMTc='}, {'id': 'MDU6SXNzdWUzNDE2MjM='}, {'id': 'MDU6SXNzdWUzNDE2MjQ='}]}"
linux,{'totalCount': 90585},{'name': 'C'},"{'totalCount': 0, 'nodes': []}"
react-native,{'totalCount': 86986},{'name': 'JavaScript'},"{'totalCount': 19317, 'nodes': [{'id': 'MDU6SXNzdWU1NTk4ODUzMA=='}, {'id': 'MDU6SXNzdWU1NjA2MDc5NA=='}, {'id': 'MDU6SXNzdWU1NjA2NDk5NA=='}, {'id': 'MDU6SXNzdWU1NjA4MzE1NQ=='}, {'id': 'MDU6SXNzdWU1NjA4NzAyOA=='}, {'id': 'MDU6SXNzdWU1NjA5MDE5MA=='}, {'id': 'MDU6SXNzdWU1NjA5MjcwNw=='}, {'id': 'MDU6SXNzdWU1NjA5MzUxMQ=='}, {'id': 'MDU6SXNzdWU1NjA5NDg2OA=='}, {'id': 'MDU6SXNzdWU1NjEwMzYwMA=='}]}"
Python-100-Days,{'totalCount': 84832},{'name': 'Jupyter Notebook'},"{'totalCount': 342, 'nodes': [{'id': 'MDU6SXNzdWUzMjU1ODc1MTY='}, {'id': 'MDU6SXNzdWUzMjU2Njc2NjQ='}, {'id': 'MDU6SXNzdWUzMjY3MDc3Njg='}, {'id': 'MDU6SXNzdWUzMjcyMzIyMDE='}, {'id': 'MDU6SXNzdWUzMjc1OTQ4NzQ='}, {'id': 'MDU6SXNzdWUzMjkxMDQ4Mjg='}, {'id': 'MDU6SXNzdWUzMzA5MTUxNDQ='}, {'id': 'MDU6SXNzdWUzMzEzOTU3MDU='}, {'id': 'MDU6SXNzdWUzMzE0OTI4NTY='}, {'id': 'MDU6SXNzdWUzMzE4NTkxNjI='}]}"
electron,{'totalCount': 82479},{'name': 'C++'},"{'totalCount': 12874, 'nodes': [{'id': 'MDU6SXNzdWUxNDAxNTAyOQ=='}, {'id': 'MDU6SXNzdWUxNDMyNjE5OQ=='}, {'id': 'MDU6SXNzdWUxNDMzMzcyNQ=='}, {'id': 'MDU6SXNzdWUxNDMzNDc4NQ=='}, {'id': 'MDU6SXNzdWUxNDM4NDgxMg=='}, {'id': 'MDU6SXNzdWUxNDQxNjc4NQ=='}, {'id': 'MDU6SXNzdWUxNDQyMDQxMw=='}, {'id': 'MDU6SXNzdWUxNDQyNzY5NA=='}, {'id': 'MDU6SXNzdWUxNDQzMTAxNA=='}, {'id': 'MDU6SXNzdWUxNDQzMTQxNQ=='}]}"
awesome-python,{'totalCount': 82150},{'name': 'Python'},"{'totalCount': 166, 'nodes': [{'id': 'MDU6SXNzdWUzNjgzNzc5OQ=='}, {'id': 'MDU6SXNzdWUzNjg5MDQwMg=='}, {'id': 'MDU6SXNzdWUzNjk2NjQ2OQ=='}, {'id': 'MDU6SXNzdWUzNjk5MjAzOQ=='}, {'id': 'MDU6SXNzdWUzNzAzODIyMQ=='}, {'id': 'MDU6SXNzdWUzNzEzNjA3MA=='}, {'id': 'MDU6SXNzdWUzNzI3NzkxNQ=='}, {'id': 'MDU6SXNzdWUzNzM0NTgyOQ=='}, {'id': 'MDU6SXNzdWUzNzM4NTczNA=='}, {'id': 'MDU6SXNzdWUzNzUzNDQ3OA=='}]}"
public-apis,{'totalCount': 80906},{'name': 'Python'},"{'totalCount': 128, 'nodes': [{'id': 'MDU6SXNzdWUxNDIyNjg2NTQ='}, {'id': 'MDU6SXNzdWUxNDIzNzAwMjQ='}, {'id': 'MDU6SXNzdWUxNDI3NDUwMzg='}, {'id': 'MDU6SXNzdWUxNDI3Nzg3Mjk='}, {'id': 'MDU6SXNzdWUxNDMxMjU3ODI='}, {'id': 'MDU6SXNzdWUxNDM0MTA2MzQ='}, {'id': 'MDU6SXNzdWUxNDM0NDI0Mzg='}, {'id': 'MDU6SXNzdWUxNDM3OTEwNjI='}, {'id': 'MDU6SXNzdWUxNDM5MzkyODY='}, {'id': 'MDU6SXNzdWUxNDM5MzkzNTk='}]}"
create-react-app,{'totalCount': 78461},{'name': 'JavaScript'},"{'totalCount': 5770, 'nodes': [{'id': 'MDU6SXNzdWUxNjU5OTM3ODY='}, {'id': 'MDU6SXNzdWUxNjU5OTUxODE='}, {'id': 'MDU6SXNzdWUxNjU5OTUyNzk='}, {'id': 'MDU6SXNzdWUxNjU5OTU0MjA='}, {'id': 'MDU6SXNzdWUxNjYwMDE4MTM='}, {'id': 'MDU6SXNzdWUxNjYwMDM4NDY='}, {'id': 'MDU6SXNzdWUxNjYxMzQ1NDc='}, {'id': 'MDU6SXNzdWUxNjYxMzUwNjA='}, {'id': 'MDU6SXNzdWUxNjYxNDQ5MDE='}, {'id': 'MDU6SXNzdWUxNjYxNDk3Mzc='}]}"
JavaGuide,{'totalCount': 77787},{'name': 'Java'},"{'totalCount': 375, 'nodes': [{'id': 'MDU6SXNzdWUzMjk4NjM2NzA='}, {'id': 'MDU6SXNzdWUzMzkxNTEwNDU='}, {'id': 'MDU6SXNzdWUzNDc1OTYxNDc='}, {'id': 'MDU6SXNzdWUzNTAwMDAxMzE='}, {'id': 'MDU6SXNzdWUzNTA2NjkxMjc='}, {'id': 'MDU6SXNzdWUzNTA2NzYxNDk='}, {'id': 'MDU6SXNzdWUzNTQ1MzkyNDk='}, {'id': 'MDU6SXNzdWUzNTQ2MTUyNjU='}, {'id': 'MDU6SXNzdWUzNTQ3NzMyMDM='}, {'id': 'MDU6SXNzdWUzNTUxOTEwNTg='}]}"
the-art-of-command-line,{'totalCount': 74959},,"{'totalCount': 163, 'nodes': [{'id': 'MDU6SXNzdWU4NDUyNjUwMg=='}, {'id': 'MDU6SXNzdWU4ODU1Nzc3Mg=='}, {'id': 'MDU6SXNzdWU4ODU2MjY0NA=='}, {'id': 'MDU6SXNzdWU4ODU4Mjc1Nw=='}, {'id': 'MDU6SXNzdWU4ODU4NDc3NA=='}, {'id': 'MDU6SXNzdWU4ODU4NjI1Ng=='}, {'id': 'MDU6SXNzdWU4ODYwMDU2MA=='}, {'id': 'MDU6SXNzdWU4ODYxMTgzNQ=='}, {'id': 'MDU6SXNzdWU4ODYxNzI5Ng=='}, {'id': 'MDU6SXNzdWU4ODYyODE3Nw=='}]}"
axios,{'totalCount': 72905},{'name': 'JavaScript'},"{'totalCount': 2273, 'nodes': [{'id': 'MDU6SXNzdWU0MjQ4NDY3OA=='}, {'id': 'MDU6SXNzdWU0MjY3Mzc2NQ=='}, {'id': 'MDU6SXNzdWU0MjY4MDE5OQ=='}, {'id': 'MDU6SXNzdWU0MjcxMjI5Ng=='}, {'id': 'MDU6SXNzdWU0Mjg4MTIwMg=='}, {'id': 'MDU6SXNzdWU0MjkxMTMwNw=='}, {'id': 'MDU6SXNzdWU0Mjk0OTUwMw=='}, {'id': 'MDU6SXNzdWU0MzI1NTA0Ng=='}, {'id': 'MDU6SXNzdWU0MzMyNjI5MQ=='}, {'id': 'MDU6SXNzdWU0MzUyNTQwMw=='}]}"
go,{'totalCount': 72184},{'name': 'Go'},"{'totalCount': 37615, 'nodes': [{'id': 'MDU6SXNzdWU1MTI3NTg2OA=='}, {'id': 'MDU6SXNzdWU1MTI3NTg2OQ=='}, {'id': 'MDU6SXNzdWU1MTI3NTg3MA=='}, {'id': 'MDU6SXNzdWU1MTI3NTg3MQ=='}, {'id': 'MDU6SXNzdWU1MTI3NTg3Mg=='}, {'id': 'MDU6SXNzdWU1MTI3NTg3Mw=='}, {'id': 'MDU6SXNzdWU1MTI3NTg3NQ=='}, {'id': 'MDU6SXNzdWU1MTI3NTg3Ng=='}, {'id': 'MDU6SXNzdWU1MTI3NTg3OA=='}, {'id': 'MDU6SXNzdWU1MTI3NTkyMw=='}]}"
Python,{'totalCount': 70956},{'name': 'Python'},"{'totalCount': 287, 'nodes': [{'id': 'MDU6SXNzdWUxNjgyMDM1ODA='}, {'id': 'MDU6SXNzdWUxNjg4ODk3NzU='}, {'id': 'MDU6SXNzdWUxNjkwNTM4ODI='}, {'id': 'MDU6SXNzdWUxNjkxMTg1NTk='}, {'id': 'MDU6SXNzdWUxNjk0MDY1MTQ='}, {'id': 'MDU6SXNzdWUxODMzNDM1ODM='}, {'id': 'MDU6SXNzdWUxODYxNDIyOTA='}, {'id': 'MDU6SXNzdWUxODk3MzU5NDg='}, {'id': 'MDU6SXNzdWUyMTI4NzMxMjk='}, {'id': 'MDU6SXNzdWUyMjE5MTU5NDQ='}]}"
build-your-own-x,{'totalCount': 70187},,"{'totalCount': 314, 'nodes': [{'id': 'MDU6SXNzdWUzMjE4MjM5OTk='}, {'id': 'MDU6SXNzdWUzMjE4MjgzNTY='}, {'id': 'MDU6SXNzdWUzMjE4Mjk3NzY='}, {'id': 'MDU6SXNzdWUzMjIwMDExNjY='}, {'id': 'MDU6SXNzdWUzMjIxNzY4ODY='}, {'id': 'MDU6SXNzdWUzMjIzMDQ5MTE='}, {'id': 'MDU6SXNzdWUzMjIzMDUyMTY='}, {'id': 'MDU6SXNzdWUzMjIzMDU3MDM='}, {'id': 'MDU6SXNzdWUzMjI0MTI0OTI='}, {'id': 'MDU6SXNzdWUzMjI1MDQ0Mjk='}]}"
node,{'totalCount': 69749},{'name': 'JavaScript'},"{'totalCount': 11561, 'nodes': [{'id': 'MDU6SXNzdWU1MDM0MDAyMA=='}, {'id': 'MDU6SXNzdWU1MDM0MzE4Mw=='}, {'id': 'MDU6SXNzdWU1MDM0MzMzOQ=='}, {'id': 'MDU6SXNzdWU1MDM2MDEzNQ=='}, {'id': 'MDU6SXNzdWU1MDQwMzQ0NA=='}, {'id': 'MDU6SXNzdWU1MDQxNDk1OQ=='}, {'id': 'MDU6SXNzdWU1MDQxNTI4NA=='}, {'id': 'MDU6SXNzdWU1MDQyMjEzNA=='}, {'id': 'MDU6SXNzdWU1MDQ0MzM1MA=='}, {'id': 'MDU6SXNzdWU1MDQ0NjQ4Mg=='}]}"
javascript-algorithms,{'totalCount': 69565},{'name': 'JavaScript'},"{'totalCount': 134, 'nodes': [{'id': 'MDU6SXNzdWUzMjU1NDgwMDE='}, {'id': 'MDU6SXNzdWUzMjU4OTAwMDg='}, {'id': 'MDU6SXNzdWUzMjU4OTYwMTM='}, {'id': 'MDU6SXNzdWUzMjYwMTQxNTk='}, {'id': 'MDU6SXNzdWUzMjYwMjkxNTk='}, {'id': 'MDU6SXNzdWUzMjYzOTA2NTk='}, {'id': 'MDU6SXNzdWUzMjY1OTc5NDI='}, {'id': 'MDU6SXNzdWUzMjY2MTc5ODc='}, {'id': 'MDU6SXNzdWUzMjY3NDMyODg='}, {'id': 'MDU6SXNzdWUzMjcxNzgzODI='}]}"
animate.css,{'totalCount': 66497},{'name': 'CSS'},"{'totalCount': 702, 'nodes': [{'id': 'MDU6SXNzdWUxODk4NTY5'}, {'id': 'MDU6SXNzdWUxODk4NTgw'}, {'id': 'MDU6SXNzdWUxODk4NjE2'}, {'id': 'MDU6SXNzdWUxOTAwMDQ3'}, {'id': 'MDU6SXNzdWUxOTAwMDYw'}, {'id': 'MDU6SXNzdWUxOTAwMjQ3'}, {'id': 'MDU6SXNzdWUxOTAxMjk2'}, {'id': 'MDU6SXNzdWUxOTMxMDE1'}, {'id': 'MDU6SXNzdWUxOTQxMTEw'}, {'id': 'MDU6SXNzdWUyMDA2NTUy'}]}"
free-programming-books-zh_CN,{'totalCount': 66160},,"{'totalCount': 0, 'nodes': []}"
kubernetes,{'totalCount': 65797},{'name': 'Go'},"{'totalCount': 34607, 'nodes': [{'id': 'MDU6SXNzdWUzNTE5MjU1OQ=='}, {'id': 'MDU6SXNzdWUzNTE5MjYwMg=='}, {'id': 'MDU6SXNzdWUzNTE5MjYzNw=='}, {'id': 'MDU6SXNzdWUzNTE5MjY5Ng=='}, {'id': 'MDU6SXNzdWUzNTE5MjcyNA=='}, {'id': 'MDU6SXNzdWUzNTE5Mjc1MQ=='}, {'id': 'MDU6SXNzdWUzNTE5OTY2OQ=='}, {'id': 'MDU6SXNzdWUzNTE5OTY4MA=='}, {'id': 'MDU6SXNzdWUzNTIwOTg5NA=='}, {'id': 'MDU6SXNzdWUzNTIyODkyMg=='}]}"
youtube-dl,{'totalCount': 65756},{'name': 'Python'},"{'totalCount': 20190, 'nodes': [{'id': 'MDU6SXNzdWUzOTMwNDE='}, {'id': 'MDU6SXNzdWUzOTMwNDM='}, {'id': 'MDU6SXNzdWUzOTMwNTA='}, {'id': 'MDU6SXNzdWUzOTMwNTU='}, {'id': 'MDU6SXNzdWUzOTMwNTk='}, {'id': 'MDU6SXNzdWUzOTMwNjE='}, {'id': 'MDU6SXNzdWUzOTMwNjM='}, {'id': 'MDU6SXNzdWUzOTMwNjU='}, {'id': 'MDU6SXNzdWUzOTMwNjY='}, {'id': 'MDU6SXNzdWUzOTMwNzU='}]}"
models,{'totalCount': 63534},{'name': 'Python'},"{'totalCount': 5277, 'nodes': [{'id': 'MDU6SXNzdWUxMzk4NjU5MTk='}, {'id': 'MDU6SXNzdWUxMzk4NzIwOTM='}, {'id': 'MDU6SXNzdWUxNDAwNjk3Mjc='}, {'id': 'MDU6SXNzdWUxNDA0NzI1MDY='}, {'id': 'MDU6SXNzdWUxNDA1MzEyOTg='}, {'id': 'MDU6SXNzdWUxNDEwOTM5NjM='}, {'id': 'MDU6SXNzdWUxNDE0NDA2NzQ='}, {'id': 'MDU6SXNzdWUxNDE0OTcwMjA='}, {'id': 'MDU6SXNzdWUxNDE5NTQ2MzQ='}, {'id': 'MDU6SXNzdWUxNDIwMjUyNjM='}]}"
Font-Awesome,{'totalCount': 62754},{'name': 'JavaScript'},"{'totalCount': 15919, 'nodes': [{'id': 'MDU6SXNzdWUzNTI3OTA2'}, {'id': 'MDU6SXNzdWUzNTM1Mzkx'}, {'id': 'MDU6SXNzdWUzNTM1NTc4'}, {'id': 'MDU6SXNzdWUzNTM2ODgz'}, {'id': 'MDU6SXNzdWUzNTM3MDMx'}, {'id': 'MDU6SXNzdWUzNTM3Njk3'}, {'id': 'MDU6SXNzdWUzNTM3NzY3'}, {'id': 'MDU6SXNzdWUzNTM3Nzky'}, {'id': 'MDU6SXNzdWUzNTM3Nzk2'}, {'id': 'MDU6SXNzdWUzNTM3OTUz'}]}"
terminal,{'totalCount': 61118},{'name': 'C++'},"{'totalCount': 4525, 'nodes': [{'id': 'MDU6SXNzdWUyNDk4MDkyOTg='}, {'id': 'MDU6SXNzdWUyNDk4MTEyMTE='}, {'id': 'MDU6SXNzdWUyNDk4MTI3MDY='}, {'id': 'MDU6SXNzdWUyNDk4MTYyODI='}, {'id': 'MDU6SXNzdWUyNDk4MjcwNjA='}, {'id': 'MDU6SXNzdWUyNTAwOTg4MzY='}, {'id': 'MDU6SXNzdWUyNTAxMjk2MTc='}, {'id': 'MDU6SXNzdWUyNTA5MDQxNDU='}, {'id': 'MDU6SXNzdWUyNTI2MTM2MTk='}, {'id': 'MDU6SXNzdWUyNTMxMDQ2NDQ='}]}"
puppeteer,{'totalCount': 61052},{'name': 'JavaScript'},"{'totalCount': 3921, 'nodes': [{'id': 'MDU6SXNzdWUyMzU5NDgyMTU='}, {'id': 'MDU6SXNzdWUyMzU5NDg3NDg='}, {'id': 'MDU6SXNzdWUyMzU5NTA0OTQ='}, {'id': 'MDU6SXNzdWUyMzU5NTA3NjU='}, {'id': 'MDU6SXNzdWUyMzU5NTI0NDQ='}, {'id': 'MDU6SXNzdWUyMzU5NTMwOTg='}, {'id': 'MDU6SXNzdWUyMzU5NTU0MzM='}, {'id': 'MDU6SXNzdWUyMzU5NTY0NjE='}, {'id': 'MDU6SXNzdWUyMzU5NTc2NDQ='}, {'id': 'MDU6SXNzdWUyMzU5NjAzMDM='}]}"
angular,{'totalCount': 60748},{'name': 'TypeScript'},"{'totalCount': 20696, 'nodes': [{'id': 'MDU6SXNzdWU0NzA3OTE1MTI='}, {'id': 'MDU6SXNzdWU0NzA3OTE0NzE='}, {'id': 'MDU6SXNzdWU0NzA3OTE0MjQ='}, {'id': 'MDU6SXNzdWU0NzA3OTEzNzY='}, {'id': 'MDU6SXNzdWU0NzA3OTExNjg='}, {'id': 'MDU6SXNzdWU0MzI5MTk1Ng=='}, {'id': 'MDU6SXNzdWU0MzY3OTM3OA=='}, {'id': 'MDU6SXNzdWU0MzY4MzI3NA=='}, {'id': 'MDU6SXNzdWU0MzgxMzc2MQ=='}, {'id': 'MDU6SXNzdWU0Mzk2NTczNQ=='}]}"
three.js,{'totalCount': 60333},{'name': 'JavaScript'},"{'totalCount': 9694, 'nodes': [{'id': 'MDU6SXNzdWUxNzkzMTE='}, {'id': 'MDU6SXNzdWUxNzk3NTg='}, {'id': 'MDU6SXNzdWUyMjY3NjM='}, {'id': 'MDU6SXNzdWUyMjk0MDE='}, {'id': 'MDU6SXNzdWUyMjk2Mjk='}, {'id': 'MDU6SXNzdWUyMzI1MjM='}, {'id': 'MDU6SXNzdWUyNDIzMjQ='}, {'id': 'MDU6SXNzdWUyNDMyOTI='}, {'id': 'MDU6SXNzdWUyNDMzMDI='}, {'id': 'MDU6SXNzdWUyNDY3NjA='}]}"
TypeScript,{'totalCount': 60068},{'name': 'TypeScript'},"{'totalCount': 26185, 'nodes': [{'id': 'MDU6SXNzdWUzNzgzNjYyMw=='}, {'id': 'MDU6SXNzdWUzNzkwMjI1Mg=='}, {'id': 'MDU6SXNzdWUzNzkwMjY4Mw=='}, {'id': 'MDU6SXNzdWUzNzkwMjg3MA=='}, {'id': 'MDU6SXNzdWUzNzkwMzE0OA=='}, {'id': 'MDU6SXNzdWUzNzkwMzM4Mw=='}, {'id': 'MDU6SXNzdWUzNzkwMzU4Mw=='}, {'id': 'MDU6SXNzdWUzNzkwMzc4Mw=='}, {'id': 'MDU6SXNzdWUzNzkwNDYwNQ=='}, {'id': 'MDU6SXNzdWUzNzkwNDcxNA=='}]}"
angular.js,{'totalCount': 59542},{'name': 'JavaScript'},"{'totalCount': 8986, 'nodes': [{'id': 'MDU6SXNzdWUyOTk2MTY='}, {'id': 'MDU6SXNzdWUzMTYzNjg='}, {'id': 'MDU6SXNzdWUzMjEzNjQ='}, {'id': 'MDU6SXNzdWUzMjQzNTM='}, {'id': 'MDU6SXNzdWUzMjc5MDE='}, {'id': 'MDU6SXNzdWUzMzEyNTg='}, {'id': 'MDU6SXNzdWUzMzk0Nzc='}, {'id': 'MDU6SXNzdWUzNDExODM='}, {'id': 'MDU6SXNzdWUzNDE1NTA='}, {'id': 'MDU6SXNzdWUzNDE1OTY='}]}"
computer-science,{'totalCount': 59438},,"{'totalCount': 447, 'nodes': [{'id': 'MDU6SXNzdWU4NTUwMDU2MQ=='}, {'id': 'MDU6SXNzdWUxMDk2ODkxNDI='}, {'id': 'MDU6SXNzdWUxMDk2OTYwNjg='}, {'id': 'MDU6SXNzdWUxMDk2OTc0MTE='}, {'id': 'MDU6SXNzdWUxMDk3MDA1MzE='}, {'id': 'MDU6SXNzdWUxMDk3MDQzNDU='}, {'id': 'MDU6SXNzdWUxMDk3MDU0NjI='}, {'id': 'MDU6SXNzdWUxMDk3MDU1MDU='}, {'id': 'MDU6SXNzdWUxMDk3MTU0MDc='}, {'id': 'MDU6SXNzdWUxMDk3MTU1NDY='}]}"
ant-design,{'totalCount': 59420},{'name': 'TypeScript'},"{'totalCount': 17155, 'nodes': [{'id': 'MDU6SXNzdWU3NTE3MjI4MA=='}, {'id': 'MDU6SXNzdWU3NTE3MjY4Ng=='}, {'id': 'MDU6SXNzdWU3Nzk1OTA3NQ=='}, {'id': 'MDU6SXNzdWU4Mzk1MjEyNw=='}, {'id': 'MDU6SXNzdWU4NjAyNDI0NQ=='}, {'id': 'MDU6SXNzdWU4NjAyNDI3MQ=='}, {'id': 'MDU6SXNzdWU4NjAyNDI5MQ=='}, {'id': 'MDU6SXNzdWU4NjAyNDMxNA=='}, {'id': 'MDU6SXNzdWU4NjAyNDMzOA=='}, {'id': 'MDU6SXNzdWU4Njg4MDM0Ng=='}]}"
laravel,{'totalCount': 58978},{'name': 'PHP'},"{'totalCount': 0, 'nodes': []}"
java-design-patterns,{'totalCount': 57512},{'name': 'Java'},"{'totalCount': 541, 'nodes': [{'id': 'MDU6SXNzdWU0Mzg5MDc1OA=='}, {'id': 'MDU6SXNzdWU0NzgwNzA0Ng=='}, {'id': 'MDU6SXNzdWU0ODE3OTU3Nw=='}, {'id': 'MDU6SXNzdWU0ODgwMjUzNQ=='}, {'id': 'MDU6SXNzdWU1MTAwOTU0Mg=='}, {'id': 'MDU6SXNzdWU1MzcxOTYwNg=='}, {'id': 'MDU6SXNzdWU2MzQwODcyNw=='}, {'id': 'MDU6SXNzdWU2MzU5ODIxNQ=='}, {'id': 'MDU6SXNzdWU2NTAzMjI1Nw=='}, {'id': 'MDU6SXNzdWU2NjA1NDI0Mw=='}]}"
material-ui,{'totalCount': 57083},{'name': 'JavaScript'},"{'totalCount': 11027, 'nodes': [{'id': 'MDU6SXNzdWU0NTg4NDYxNw=='}, {'id': 'MDU6SXNzdWU0NTg4ODU5NQ=='}, {'id': 'MDU6SXNzdWU0NjAyMjc5MQ=='}, {'id': 'MDU6SXNzdWU0NjE4MDQ4MQ=='}, {'id': 'MDU6SXNzdWU0NzI3NDAyMQ=='}, {'id': 'MDU6SXNzdWU0NzkzMDgwNA=='}, {'id': 'MDU6SXNzdWU0ODA1NjMyMA=='}, {'id': 'MDU6SXNzdWU0ODE2MTk3OQ=='}, {'id': 'MDU6SXNzdWU0ODE3MDA5OA=='}, {'id': 'MDU6SXNzdWU0ODIwNjM3MA=='}]}"
moby,{'totalCount': 56991},{'name': 'Go'},"{'totalCount': 20159, 'nodes': [{'id': 'MDU6SXNzdWUxMDEzMzM0MQ=='}, {'id': 'MDU6SXNzdWUxMDE0NTYwNw=='}, {'id': 'MDU6SXNzdWUxMDE4MzkxMQ=='}, {'id': 'MDU6SXNzdWUxMDIwNDIzOQ=='}, {'id': 'MDU6SXNzdWUxMDM1OTYwOA=='}, {'id': 'MDU6SXNzdWUxMDM2MDUxOQ=='}, {'id': 'MDU6SXNzdWUxMDQwNzM3OQ=='}, {'id': 'MDU6SXNzdWUxMDUyNjExMA=='}, {'id': 'MDU6SXNzdWUxMDUyNjE1OA=='}, {'id': 'MDU6SXNzdWUxMDUyNjIxOA=='}]}"
30-seconds-of-code,{'totalCount': 56349},{'name': 'JavaScript'},"{'totalCount': 241, 'nodes': [{'id': 'MDU6SXNzdWUyODEyOTIxMzg='}, {'id': 'MDU6SXNzdWUyODEzMDA3MDY='}, {'id': 'MDU6SXNzdWUyODEzMzEyMDE='}, {'id': 'MDU6SXNzdWUyODE0NjAxODk='}, {'id': 'MDU6SXNzdWUyODE1NTc4MzI='}, {'id': 'MDU6SXNzdWUyODE2NjU5NDE='}, {'id': 'MDU6SXNzdWUyODE2NzcxNjk='}, {'id': 'MDU6SXNzdWUyODE2ODc0Nzc='}, {'id': 'MDU6SXNzdWUyODE3Njg3NjE='}, {'id': 'MDU6SXNzdWUyODE4MDA0Njk='}]}"
awesome-go,{'totalCount': 54128},{'name': 'Go'},"{'totalCount': 217, 'nodes': [{'id': 'MDU6SXNzdWUzNzIyNjY0OA=='}, {'id': 'MDU6SXNzdWUzNzIyNzU4MA=='}, {'id': 'MDU6SXNzdWUzNzIyOTA3MA=='}, {'id': 'MDU6SXNzdWUzNzIzNDE0Ng=='}, {'id': 'MDU6SXNzdWUzNzI2NzMyMQ=='}, {'id': 'MDU6SXNzdWUzNzI3ODEwNQ=='}, {'id': 'MDU6SXNzdWUzNzI5ODU1MA=='}, {'id': 'MDU6SXNzdWUzNzMwMDMxMw=='}, {'id': 'MDU6SXNzdWUzNzMwMTg0Mg=='}, {'id': 'MDU6SXNzdWUzNzQyODE0Mw=='}]}"
webpack,{'totalCount': 54091},{'name': 'JavaScript'},"{'totalCount': 7078, 'nodes': [{'id': 'MDU6SXNzdWU1NDA3ODM2'}, {'id': 'MDU6SXNzdWU1NDI0MDIz'}, {'id': 'MDU6SXNzdWU1NDI0MDc4'}, {'id': 'MDU6SXNzdWU1NDY2MDc0'}, {'id': 'MDU6SXNzdWU1NDY3NDIw'}, {'id': 'MDU6SXNzdWU1NDY4NzU3'}, {'id': 'MDU6SXNzdWU1NDY5NDU0'}, {'id': 'MDU6SXNzdWU1NTA5NzU0'}, {'id': 'MDU6SXNzdWU1NTI0NzQz'}, {'id': 'MDU6SXNzdWU1NTM3NDU0'}]}"
awesome-vue,{'totalCount': 53940},,"{'totalCount': 170, 'nodes': [{'id': 'MDU6SXNzdWUxMTIzNjg2NzQ='}, {'id': 'MDU6SXNzdWUxMjg0Nzg0NTg='}, {'id': 'MDU6SXNzdWUxMjg2Njg3ODk='}, {'id': 'MDU6SXNzdWUxMzEzODI4OTE='}, {'id': 'MDU6SXNzdWUxMzEzODg0Mjg='}, {'id': 'MDU6SXNzdWUxMzkzNzAyMzg='}, {'id': 'MDU6SXNzdWUxNDc3Mjc5Mzg='}, {'id': 'MDU6SXNzdWUxNDgwMDQwOTM='}, {'id': 'MDU6SXNzdWUxNTA4OTg1ODk='}, {'id': 'MDU6SXNzdWUxNTEzMjQwNTU='}]}"
vue-element-admin,{'totalCount': 53752},{'name': 'Vue'},"{'totalCount': 2683, 'nodes': [{'id': 'MDU6SXNzdWUyMjIyNzQ1OTM='}, {'id': 'MDU6SXNzdWUyMjI0NTc0MjA='}, {'id': 'MDU6SXNzdWUyMjQzMDU5MjY='}, {'id': 'MDU6SXNzdWUyMjQzMTQ5NjU='}, {'id': 'MDU6SXNzdWUyMjQzMjE0NzE='}, {'id': 'MDU6SXNzdWUyMjQzMjMwMzg='}, {'id': 'MDU6SXNzdWUyMjQzMzUxNDA='}, {'id': 'MDU6SXNzdWUyMjQzOTc1OTA='}, {'id': 'MDU6SXNzdWUyMjQ0MzA4NDk='}, {'id': 'MDU6SXNzdWUyMjQ2NTIyMTA='}]}"
LeetCodeAnimation,{'totalCount': 53444},{'name': 'Java'},"{'totalCount': 32, 'nodes': [{'id': 'MDU6SXNzdWUzODkwMjk2MjM='}, {'id': 'MDU6SXNzdWUzODk1Nzc2OTQ='}, {'id': 'MDU6SXNzdWUzOTIwNTUwNjU='}, {'id': 'MDU6SXNzdWUzOTIzOTQwODc='}, {'id': 'MDU6SXNzdWUzOTQwNzIzNzI='}, {'id': 'MDU6SXNzdWUzOTQ3NjI3MTM='}, {'id': 'MDU6SXNzdWU0MDE3OTg3OTE='}, {'id': 'MDU6SXNzdWU0MTIzNDA1ODg='}, {'id': 'MDU6SXNzdWU0MTMzMTMyMDg='}, {'id': 'MDU6SXNzdWU0MTczNjQxNzY='}]}"
thefuck,{'totalCount': 53363},{'name': 'Python'},"{'totalCount': 540, 'nodes': [{'id': 'MDU6SXNzdWU2OTE5NTM1Ng=='}, {'id': 'MDU6SXNzdWU2OTE5ODc2Nw=='}, {'id': 'MDU6SXNzdWU2OTIwMDY3OA=='}, {'id': 'MDU6SXNzdWU2OTIwMjU1Nw=='}, {'id': 'MDU6SXNzdWU2OTIwNDYwMg=='}, {'id': 'MDU6SXNzdWU2OTIwNzYzOQ=='}, {'id': 'MDU6SXNzdWU2OTIyNDA1Mg=='}, {'id': 'MDU6SXNzdWU2OTIyNzAwNA=='}, {'id': 'MDU6SXNzdWU2OTI2OTYzNg=='}, {'id': 'MDU6SXNzdWU2OTI3MTg0Ng=='}]}"
jquery,{'totalCount': 53287},{'name': 'JavaScript'},"{'totalCount': 2005, 'nodes': [{'id': 'MDU6SXNzdWU0NDQxODg1Ng=='}, {'id': 'MDU6SXNzdWU0NDQ1MDg4Nw=='}, {'id': 'MDU6SXNzdWU0NDU2MTQ0MA=='}, {'id': 'MDU6SXNzdWU0NDU2NDMxOA=='}, {'id': 'MDU6SXNzdWU0NDU4Mzc0MA=='}, {'id': 'MDU6SXNzdWU0NDk0MTYzMQ=='}, {'id': 'MDU6SXNzdWU0NDk3MjcyNQ=='}, {'id': 'MDU6SXNzdWU0NTAxMzIxNg=='}, {'id': 'MDU6SXNzdWU0NTIyNDc3Mg=='}, {'id': 'MDU6SXNzdWU0NTI0MjcxNw=='}]}"
redux,{'totalCount': 53110},{'name': 'TypeScript'},"{'totalCount': 1757, 'nodes': [{'id': 'MDU6SXNzdWU4MzM2MjAyNw=='}, {'id': 'MDU6SXNzdWU4NDEzNzQ0Mw=='}, {'id': 'MDU6SXNzdWU4NDE1NDI1Ng=='}, {'id': 'MDU6SXNzdWU4NDIwMTM0OQ=='}, {'id': 'MDU6SXNzdWU4NDIzODU5Nw=='}, {'id': 'MDU6SXNzdWU4NDIzOTI1Nw=='}, {'id': 'MDU6SXNzdWU4NDI0MDY4NA=='}, {'id': 'MDU6SXNzdWU4NDQzODIxMw=='}, {'id': 'MDU6SXNzdWU4NDQ1OTk2Ng=='}, {'id': 'MDU6SXNzdWU4NDQ2MjM2MA=='}]}"
atom,{'totalCount': 51845},{'name': 'JavaScript'},"{'totalCount': 15657, 'nodes': [{'id': 'MDU6SXNzdWUzMDcxODg2'}, {'id': 'MDU6SXNzdWUzNTMzMjgx'}, {'id': 'MDU6SXNzdWU0ODYzNjYx'}, {'id': 'MDU6SXNzdWU0ODk3Mzc0'}, {'id': 'MDU6SXNzdWU0ODk4MDYw'}, {'id': 'MDU6SXNzdWU1Mjc4MDc2'}, {'id': 'MDU6SXNzdWU1Mjc4MTEy'}, {'id': 'MDU6SXNzdWU1Mjc4MTU4'}, {'id': 'MDU6SXNzdWU2MjQ3ODYw'}, {'id': 'MDU6SXNzdWU2OTM1MTU0'}]}"
swift,{'totalCount': 51492},{'name': 'C++'},"{'totalCount': 0, 'nodes': []}"
reveal.js,{'totalCount': 51453},{'name': 'JavaScript'},"{'totalCount': 1779, 'nodes': [{'id': 'MDU6SXNzdWUyNDQ2ODY1'}, {'id': 'MDU6SXNzdWUyNDY0ODg3'}, {'id': 'MDU6SXNzdWUyNTc4MDcy'}, {'id': 'MDU6SXNzdWUyNjM1MDUw'}, {'id': 'MDU6SXNzdWUyNjM1MDc1'}, {'id': 'MDU6SXNzdWUyNjYwNzI1'}, {'id': 'MDU6SXNzdWUyNjYwNzMx'}, {'id': 'MDU6SXNzdWUyNzIwNzk5'}, {'id': 'MDU6SXNzdWUyNzU4OTky'}, {'id': 'MDU6SXNzdWUyODE1MDEz'}]}"
flask,{'totalCount': 50214},{'name': 'Python'},"{'totalCount': 1926, 'nodes': [{'id': 'MDU6SXNzdWUxNzA0NDM='}, {'id': 'MDU6SXNzdWUxNzA0NDQ='}, {'id': 'MDU6SXNzdWUxNzA0NDU='}, {'id': 'MDU6SXNzdWUxNzA0NDg='}, {'id': 'MDU6SXNzdWUxNzA0NTE='}, {'id': 'MDU6SXNzdWUxNzEwOTc='}, {'id': 'MDU6SXNzdWUxNzE3MjE='}, {'id': 'MDU6SXNzdWUxNzI4MTE='}, {'id': 'MDU6SXNzdWUxNzI5MjU='}, {'id': 'MDU6SXNzdWUxNzM2NDI='}]}"
socket.io,{'totalCount': 49500},{'name': 'JavaScript'},"{'totalCount': 2838, 'nodes': [{'id': 'MDU6SXNzdWUxNTM0NjM='}, {'id': 'MDU6SXNzdWUxNjEyODI='}, {'id': 'MDU6SXNzdWUxNjM0OTY='}, {'id': 'MDU6SXNzdWUxNjQwMzQ='}, {'id': 'MDU6SXNzdWUxNjQwMzY='}, {'id': 'MDU6SXNzdWUxNjQwNDE='}, {'id': 'MDU6SXNzdWUxNzM4ODQ='}, {'id': 'MDU6SXNzdWUxNzM5ODM='}, {'id': 'MDU6SXNzdWUxNzU3ODk='}, {'id': 'MDU6SXNzdWUxNzYzODE='}]}"
shadowsocks-windows,{'totalCount': 49194},{'name': 'C#'},"{'totalCount': 2486, 'nodes': [{'id': 'MDU6SXNzdWU5OTM5OTYz'}, {'id': 'MDU6SXNzdWUxMTc4Njk1MQ=='}, {'id': 'MDU6SXNzdWUxMzUxNjQ4OQ=='}, {'id': 'MDU6SXNzdWUxMzc1NzczMg=='}, {'id': 'MDU6SXNzdWUxNDM0NDYyMA=='}, {'id': 'MDU6SXNzdWUxNDY2OTc3NQ=='}, {'id': 'MDU6SXNzdWUxNTYwMTkxOQ=='}, {'id': 'MDU6SXNzdWUxNTYwNjU5Mw=='}, {'id': 'MDU6SXNzdWUxNTYwNzI3OA=='}, {'id': 'MDU6SXNzdWU0MjY4NjEyMA=='}]}"
django,{'totalCount': 49085},{'name': 'Python'},"{'totalCount': 0, 'nodes': []}"
elasticsearch,{'totalCount': 48670},{'name': 'Java'},"{'totalCount': 23631, 'nodes': [{'id': 'MDU6SXNzdWUxMjkxNTY='}, {'id': 'MDU6SXNzdWUxMzAxNDk='}, {'id': 'MDU6SXNzdWUxMzA5Mzk='}, {'id': 'MDU6SXNzdWUxMzA5NTE='}, {'id': 'MDU6SXNzdWUxMzA5NTI='}, {'id': 'MDU6SXNzdWUxMzE2MTY='}, {'id': 'MDU6SXNzdWUxMzE2OTY='}, {'id': 'MDU6SXNzdWUxMzI1MzI='}, {'id': 'MDU6SXNzdWUxMzI4MDA='}, {'id': 'MDU6SXNzdWUxMzI4MDY='}]}"
Chart.js,{'totalCount': 48597},{'name': 'JavaScript'},"{'totalCount': 5099, 'nodes': [{'id': 'MDU6SXNzdWUxMjExODk1OQ=='}, {'id': 'MDU6SXNzdWUxMjEyNDE0Ng=='}, {'id': 'MDU6SXNzdWUxMjEyNDg0NQ=='}, {'id': 'MDU6SXNzdWUxMjEyNTczOQ=='}, {'id': 'MDU6SXNzdWUxMjEyNzg1Nw=='}, {'id': 'MDU6SXNzdWUxMjEyNzk3NA=='}, {'id': 'MDU6SXNzdWUxMjEyODA1NA=='}, {'id': 'MDU6SXNzdWUxMjEyODUzNg=='}, {'id': 'MDU6SXNzdWUxMjEyODY5OA=='}, {'id': 'MDU6SXNzdWUxMjEyODc2Nw=='}]}"
express,{'totalCount': 48500},{'name': 'JavaScript'},"{'totalCount': 3273, 'nodes': [{'id': 'MDU6SXNzdWUzMjY3NA=='}, {'id': 'MDU6SXNzdWUzMjY3NQ=='}, {'id': 'MDU6SXNzdWUzMjY3Ng=='}, {'id': 'MDU6SXNzdWUzMjY3Nw=='}, {'id': 'MDU6SXNzdWUzMjY4Nw=='}, {'id': 'MDU6SXNzdWUzMjY5NQ=='}, {'id': 'MDU6SXNzdWUzMjgwNw=='}, {'id': 'MDU6SXNzdWUzMjgwOA=='}, {'id': 'MDU6SXNzdWUzMjgwOQ=='}, {'id': 'MDU6SXNzdWUzMzM1NA=='}]}"
deno,{'totalCount': 48384},{'name': 'TypeScript'},"{'totalCount': 1869, 'nodes': [{'id': 'MDU6SXNzdWUzMjc0MDg1NzY='}, {'id': 'MDU6SXNzdWUzMjc0MTY0OTg='}, {'id': 'MDU6SXNzdWUzMjc0MzA4MjY='}, {'id': 'MDU6SXNzdWUzMjc2MDk4MTQ='}, {'id': 'MDU6SXNzdWUzMjc2MTIwMDU='}, {'id': 'MDU6SXNzdWUzMjc2ODAwNzE='}, {'id': 'MDU6SXNzdWUzMjc2OTY1ODU='}, {'id': 'MDU6SXNzdWUzMjc3Njc5MzI='}, {'id': 'MDU6SXNzdWUzMjc3OTc5Njg='}, {'id': 'MDU6SXNzdWUzMjc4MDEyNzg='}]}"
keras,{'totalCount': 48092},{'name': 'Python'},"{'totalCount': 10093, 'nodes': [{'id': 'MDU6SXNzdWU2NDk2OTcwMg=='}, {'id': 'MDU6SXNzdWU2NDk3OTQ0MA=='}, {'id': 'MDU6SXNzdWU2NTA1NjU3Mw=='}, {'id': 'MDU6SXNzdWU2NTA2MjkxMw=='}, {'id': 'MDU6SXNzdWU2NTE2MDM4NQ=='}, {'id': 'MDU6SXNzdWU2NTE3MTk4NQ=='}, {'id': 'MDU6SXNzdWU2NTE3NTg3OQ=='}, {'id': 'MDU6SXNzdWU2NTE3OTc3OA=='}, {'id': 'MDU6SXNzdWU2NTE4OTY1Nw=='}, {'id': 'MDU6SXNzdWU2NTM1Njg3OQ=='}]}"
next.js,{'totalCount': 47813},{'name': 'JavaScript'},"{'totalCount': 6300, 'nodes': [{'id': 'MDU6SXNzdWUxODMyOTcyMTQ='}, {'id': 'MDU6SXNzdWUxODMyOTcyNTQ='}, {'id': 'MDU6SXNzdWUxODMyOTc0NDc='}, {'id': 'MDU6SXNzdWUxODMyOTc0NzI='}, {'id': 'MDU6SXNzdWUxODMyOTc3MDU='}, {'id': 'MDU6SXNzdWUxODMyOTgyMzg='}, {'id': 'MDU6SXNzdWUxODMyOTg4Njc='}, {'id': 'MDU6SXNzdWUxODMyOTkzNDc='}, {'id': 'MDU6SXNzdWUxODMyOTk1MzM='}, {'id': 'MDU6SXNzdWUxODMzMDAwNTE='}]}"
Semantic-UI,{'totalCount': 47808},{'name': 'JavaScript'},"{'totalCount': 6091, 'nodes': [{'id': 'MDU6SXNzdWUxODQwNTkyMA=='}, {'id': 'MDU6SXNzdWUxOTQ2MzQ4OA=='}, {'id': 'MDU6SXNzdWUxOTQ2NTE5NQ=='}, {'id': 'MDU6SXNzdWUxOTQ3NDcxOQ=='}, {'id': 'MDU6SXNzdWUxOTQ5MjQ4Ng=='}, {'id': 'MDU6SXNzdWUxOTQ5NDAyOA=='}, {'id': 'MDU6SXNzdWUxOTQ5NDA4Mg=='}, {'id': 'MDU6SXNzdWUxOTUwMjgyNw=='}, {'id': 'MDU6SXNzdWUxOTUwNzc1MA=='}, {'id': 'MDU6SXNzdWUxOTUwNzkwNw=='}]}"
storybook,{'totalCount': 47745},{'name': 'TypeScript'},"{'totalCount': 5274, 'nodes': [{'id': 'MDU6SXNzdWUxNDI1MTI5MTU='}, {'id': 'MDU6SXNzdWUxNDM0Njc5OTk='}, {'id': 'MDU6SXNzdWUxNDQwOTUzMTk='}, {'id': 'MDU6SXNzdWUxNDQxNjkyNTY='}, {'id': 'MDU6SXNzdWUxNDQyMDgyNzY='}, {'id': 'MDU6SXNzdWUxNDQyNzAwOTU='}, {'id': 'MDU6SXNzdWUxNDQzMDk1MjU='}, {'id': 'MDU6SXNzdWUxNDQzMDk3MDY='}, {'id': 'MDU6SXNzdWUxNDQ4NTE4MTQ='}, {'id': 'MDU6SXNzdWUxNDQ5ODk4Mjc='}]}"
spring-boot,{'totalCount': 47468},{'name': 'Java'},"{'totalCount': 17049, 'nodes': [{'id': 'MDU6SXNzdWUxNzU1ODk2Nw=='}, {'id': 'MDU6SXNzdWUxNzczMTIwNA=='}, {'id': 'MDU6SXNzdWUxNzc1NDg3NA=='}, {'id': 'MDU6SXNzdWUxNzgwOTczMg=='}, {'id': 'MDU6SXNzdWUxNzgxMTg3Mg=='}, {'id': 'MDU6SXNzdWUxNzgzNjQ0NA=='}, {'id': 'MDU6SXNzdWUxNzkwMTMzMw=='}, {'id': 'MDU6SXNzdWUxODE0NjU3Nw=='}, {'id': 'MDU6SXNzdWUxODE0NjYzMg=='}, {'id': 'MDU6SXNzdWUxODM1ODY1Ng=='}]}"
json-server,{'totalCount': 47160},{'name': 'JavaScript'},"{'totalCount': 863, 'nodes': [{'id': 'MDU6SXNzdWUyNDg0NjA5OA=='}, {'id': 'MDU6SXNzdWUyNTU0MDc3NA=='}, {'id': 'MDU6SXNzdWUzMTQ2NTA4Mg=='}, {'id': 'MDU6SXNzdWUzMTgyMjk5MA=='}, {'id': 'MDU6SXNzdWUzMjU5MzM3OA=='}, {'id': 'MDU6SXNzdWUzMzQ4OTI3NQ=='}, {'id': 'MDU6SXNzdWUzNTUwOTc2OQ=='}, {'id': 'MDU6SXNzdWUzODA0NTYxOQ=='}, {'id': 'MDU6SXNzdWUzODE2NDQzNg=='}, {'id': 'MDU6SXNzdWUzODg4MTU2NA=='}]}"
Apollo-11,{'totalCount': 47042},{'name': 'Assembly'},"{'totalCount': 359, 'nodes': [{'id': 'MDU6SXNzdWUxNjQzMjU3MjE='}, {'id': 'MDU6SXNzdWUxNjQzODk5NzA='}, {'id': 'MDU6SXNzdWUxNjQ0MzUzNTE='}, {'id': 'MDU6SXNzdWUxNjQ0NTc5MzE='}, {'id': 'MDU6SXNzdWUxNjQ1MDM4Nzk='}, {'id': 'MDU6SXNzdWUxNjQ1MDk1MDA='}, {'id': 'MDU6SXNzdWUxNjQ1MTYzMjQ='}, {'id': 'MDU6SXNzdWUxNjQ1MjMxMDI='}, {'id': 'MDU6SXNzdWUxNjQ1Mjk4NjI='}, {'id': 'MDU6SXNzdWUxNjQ1MzY2Njc='}]}"
FiraCode,{'totalCount': 46754},{'name': 'Clojure'},"{'totalCount': 890, 'nodes': [{'id': 'MDU6SXNzdWU0ODU3MDgzMw=='}, {'id': 'MDU6SXNzdWU0ODU3NzE4MA=='}, {'id': 'MDU6SXNzdWU0ODc4Mjk5OQ=='}, {'id': 'MDU6SXNzdWU1Mzc3NDY3MA=='}, {'id': 'MDU6SXNzdWU1Nzk5Nzc0OA=='}, {'id': 'MDU6SXNzdWU2Mzk1MjU0Mw=='}, {'id': 'MDU6SXNzdWU3MzU5ODgxMg=='}, {'id': 'MDU6SXNzdWU3Mzk1NTI1Ng=='}, {'id': 'MDU6SXNzdWU3OTQ4NzQ5NA=='}, {'id': 'MDU6SXNzdWU3OTUwMjYyMQ=='}]}"
httpie,{'totalCount': 46637},{'name': 'Python'},"{'totalCount': 599, 'nodes': [{'id': 'MDU6SXNzdWUzNDE1NTE3'}, {'id': 'MDU6SXNzdWUzNDIwODEz'}, {'id': 'MDU6SXNzdWUzNDI4ODM1'}, {'id': 'MDU6SXNzdWUzNDI5MDY1'}, {'id': 'MDU6SXNzdWUzNDQ3ODE3'}, {'id': 'MDU6SXNzdWUzNDk2OTQ3'}, {'id': 'MDU6SXNzdWUzNTAxNzkz'}, {'id': 'MDU6SXNzdWUzNTIzNzM0'}, {'id': 'MDU6SXNzdWUzNTYxNDIx'}, {'id': 'MDU6SXNzdWUzNTczMDgw'}]}"
netdata,{'totalCount': 46512},{'name': 'C'},"{'totalCount': 5174, 'nodes': [{'id': 'MDU6SXNzdWUxNTY1NDM0OQ=='}, {'id': 'MDU6SXNzdWUxMDYxNzE2NjU='}, {'id': 'MDU6SXNzdWUxMDg4Mzk0MDI='}, {'id': 'MDU6SXNzdWUxMDg4NDU1NTE='}, {'id': 'MDU6SXNzdWUxMDg4NDU2MDc='}, {'id': 'MDU6SXNzdWUxMDg4NDU2NzI='}, {'id': 'MDU6SXNzdWUxMDg4NDU4MzI='}, {'id': 'MDU6SXNzdWUxMDg4NDYxMDE='}, {'id': 'MDU6SXNzdWUxMTcxMDM1MzA='}, {'id': 'MDU6SXNzdWUxMTcxMDg4OTg='}]}"
markdown-here,{'totalCount': 46133},{'name': 'JavaScript'},"{'totalCount': 542, 'nodes': [{'id': 'MDU6SXNzdWU0NjI1MjI0'}, {'id': 'MDU6SXNzdWU0NjYyMTU5'}, {'id': 'MDU6SXNzdWU0NjYyMTcy'}, {'id': 'MDU6SXNzdWU0Njc3OTg2'}, {'id': 'MDU6SXNzdWU0Njc4Njgy'}, {'id': 'MDU6SXNzdWU0ODEyMTk2'}, {'id': 'MDU6SXNzdWU0ODE3NTA2'}, {'id': 'MDU6SXNzdWU0ODM0MTYw'}, {'id': 'MDU6SXNzdWU0ODkzNTE3'}, {'id': 'MDU6SXNzdWU0OTQ5NDYw'}]}"
rails,{'totalCount': 45538},{'name': 'Ruby'},"{'totalCount': 13708, 'nodes': [{'id': 'MDU6SXNzdWUxMzI='}, {'id': 'MDU6SXNzdWUxMDA4'}, {'id': 'MDU6SXNzdWU4MTU4'}, {'id': 'MDU6SXNzdWU4MjIzMTE='}, {'id': 'MDU6SXNzdWU4MjI0OTY='}, {'id': 'MDU6SXNzdWU4MjI1Mjk='}, {'id': 'MDU6SXNzdWU4MjM2ODM='}, {'id': 'MDU6SXNzdWU4MjQxNDk='}, {'id': 'MDU6SXNzdWU4MjU4MTY='}, {'id': 'MDU6SXNzdWU4MjYyNzY='}]}"
architect-awesome,{'totalCount': 45205},,"{'totalCount': 62, 'nodes': [{'id': 'MDU6SXNzdWUzMTg2MTcyMzE='}, {'id': 'MDU6SXNzdWUzMTg2NDI4OTc='}, {'id': 'MDU6SXNzdWUzMTkyMTE4Mjk='}, {'id': 'MDU6SXNzdWUzMTkzNzExNTc='}, {'id': 'MDU6SXNzdWUzMTkzODcyNjE='}, {'id': 'MDU6SXNzdWUzMTkzODg3MzI='}, {'id': 'MDU6SXNzdWUzMTk0MzkwMzc='}, {'id': 'MDU6SXNzdWUzMTk0ODAwODA='}, {'id': 'MDU6SXNzdWUzMTk3NzAwODg='}, {'id': 'MDU6SXNzdWUzMTk3NzYxNDY='}]}"
element,{'totalCount': 45110},{'name': 'Vue'},"{'totalCount': 14998, 'nodes': [{'id': 'MDU6SXNzdWUxNzQ4ODU1NzA='}, {'id': 'MDU6SXNzdWUxNzQ5NDA0MzM='}, {'id': 'MDU6SXNzdWUxNzQ5NDg3MzQ='}, {'id': 'MDU6SXNzdWUxNzQ5NTEwNTQ='}, {'id': 'MDU6SXNzdWUxNzUwMzcxNDA='}, {'id': 'MDU6SXNzdWUxNzUxNTQzMjk='}, {'id': 'MDU6SXNzdWUxNzUxODMzMTI='}, {'id': 'MDU6SXNzdWUxNzUyNDAyMTU='}, {'id': 'MDU6SXNzdWUxNzUzOTQ0MzA='}, {'id': 'MDU6SXNzdWUxNzU0MDIwMjk='}]}"
html5-boilerplate,{'totalCount': 44768},{'name': 'JavaScript'},"{'totalCount': 1166, 'nodes': [{'id': 'MDU6SXNzdWUxMTg5MjI='}, {'id': 'MDU6SXNzdWUxMTg5MjM='}, {'id': 'MDU6SXNzdWUxMTg5MjQ='}, {'id': 'MDU6SXNzdWUxMTg5Mjk='}, {'id': 'MDU6SXNzdWUxNDY5NzQ='}, {'id': 'MDU6SXNzdWUxNTQ1NDY='}, {'id': 'MDU6SXNzdWUxNTc5Njg='}, {'id': 'MDU6SXNzdWUxNjA0MTk='}, {'id': 'MDU6SXNzdWUxOTMwMTU='}, {'id': 'MDU6SXNzdWUxOTc3NTU='}]}"
lodash,{'totalCount': 44637},{'name': 'JavaScript'},"{'totalCount': 3653, 'nodes': [{'id': 'MDU6SXNzdWU0MzMyNDg1'}, {'id': 'MDU6SXNzdWU0NTMwNzM0'}, {'id': 'MDU6SXNzdWU0NjkwMDQ4'}, {'id': 'MDU6SXNzdWU0NzI0OTUz'}, {'id': 'MDU6SXNzdWU0NzM3OTAz'}, {'id': 'MDU6SXNzdWU0NzM3OTQ2'}, {'id': 'MDU6SXNzdWU0NzQ3Nzgy'}, {'id': 'MDU6SXNzdWU0NzU4ODQ3'}, {'id': 'MDU6SXNzdWU0NzkzMzAw'}, {'id': 'MDU6SXNzdWU0ODAyMDE0'}]}"
rust,{'totalCount': 44551},{'name': 'Rust'},"{'totalCount': 34098, 'nodes': [{'id': 'MDU6SXNzdWUyMjc1MTk='}, {'id': 'MDU6SXNzdWUyMjg2MDE='}, {'id': 'MDU6SXNzdWUyMjg2MDc='}, {'id': 'MDU6SXNzdWUyMjg2MjY='}, {'id': 'MDU6SXNzdWUyMjg2Mjg='}, {'id': 'MDU6SXNzdWUyMjg2Mzg='}, {'id': 'MDU6SXNzdWUyMjg2NDE='}, {'id': 'MDU6SXNzdWUyMjg2NDU='}, {'id': 'MDU6SXNzdWUyMjg2NDY='}, {'id': 'MDU6SXNzdWUyMjg2NDc='}]}"
awesome-machine-learning,{'totalCount': 44527},{'name': 'Python'},"{'totalCount': 63, 'nodes': [{'id': 'MDU6SXNzdWUzNzk3Mzk0Ng=='}, {'id': 'MDU6SXNzdWUzNzk4NjE3NQ=='}, {'id': 'MDU6SXNzdWUzODAzNDAzNw=='}, {'id': 'MDU6SXNzdWUzODA1NjM3Ng=='}, {'id': 'MDU6SXNzdWUzODA1NjcxNw=='}, {'id': 'MDU6SXNzdWUzODA5ODU3Ng=='}, {'id': 'MDU6SXNzdWU0ODk2MjY3NQ=='}, {'id': 'MDU6SXNzdWU1MjMzMjI0OA=='}, {'id': 'MDU6SXNzdWU2MzI4MDIyMQ=='}, {'id': 'MDU6SXNzdWU2NjQ0ODExMQ=='}]}"
Front-end-Developer-Interview-Questions,{'totalCount': 44335},{'name': 'HTML'},"{'totalCount': 97, 'nodes': [{'id': 'MDU6SXNzdWUzMzg2OTQx'}, {'id': 'MDU6SXNzdWUzNjEyOTk1'}, {'id': 'MDU6SXNzdWU1MzQ1NDIx'}, {'id': 'MDU6SXNzdWU1NjcyNjA5'}, {'id': 'MDU6SXNzdWU3MDM0OTU4'}, {'id': 'MDU6SXNzdWU3MjA1ODkx'}, {'id': 'MDU6SXNzdWU3NjU2ODk4'}, {'id': 'MDU6SXNzdWU3ODE2Mzk2'}, {'id': 'MDU6SXNzdWU5MDUwNDQ5'}, {'id': 'MDU6SXNzdWUxMTIzNjcwMw=='}]}"
resume.github.com,{'totalCount': 44291},{'name': 'JavaScript'},"{'totalCount': 83, 'nodes': [{'id': 'MDU6SXNzdWU1NzkxNTE='}, {'id': 'MDU6SXNzdWU1NzkxNTQ='}, {'id': 'MDU6SXNzdWU1NzkxNTc='}, {'id': 'MDU6SXNzdWU1NzkxNjE='}, {'id': 'MDU6SXNzdWU1Nzk1MTg='}, {'id': 'MDU6SXNzdWU1Nzk1MjM='}, {'id': 'MDU6SXNzdWU1ODI3NTk='}, {'id': 'MDU6SXNzdWU1ODQ5NDI='}, {'id': 'MDU6SXNzdWU1OTU2NTU='}, {'id': 'MDU6SXNzdWU1OTY1ODU='}]}"
opencv,{'totalCount': 44282},{'name': 'C++'},"{'totalCount': 6553, 'nodes': [{'id': 'MDU6SXNzdWU5NjU4ODUyNw=='}, {'id': 'MDU6SXNzdWU5Njc5MDIzNQ=='}, {'id': 'MDU6SXNzdWU5NzE3OTQyNA=='}, {'id': 'MDU6SXNzdWU5NzE5MjkwNQ=='}, {'id': 'MDU6SXNzdWU5NzI2OTY2OQ=='}, {'id': 'MDU6SXNzdWU5NzQxMDA3MQ=='}, {'id': 'MDU6SXNzdWU5NzQxMDQ4MQ=='}, {'id': 'MDU6SXNzdWU5NzQxMDc4NQ=='}, {'id': 'MDU6SXNzdWU5NzQxMDgyMA=='}, {'id': 'MDU6SXNzdWU5NzQxMDg1Mg=='}]}"
awesome-selfhosted,{'totalCount': 44213},{'name': 'JavaScript'},"{'totalCount': 511, 'nodes': [{'id': 'MDU6SXNzdWU4NTg5NzM2NA=='}, {'id': 'MDU6SXNzdWU4OTQzNDcyMQ=='}, {'id': 'MDU6SXNzdWU4OTQzNTEzMQ=='}, {'id': 'MDU6SXNzdWU5MjMyMzY3MQ=='}, {'id': 'MDU6SXNzdWU5NDgxNzQ2OA=='}, {'id': 'MDU6SXNzdWU5NzM2MDAzMg=='}, {'id': 'MDU6SXNzdWU5NzM2MDIzNw=='}, {'id': 'MDU6SXNzdWU5NzQ2ODU5Mw=='}, {'id': 'MDU6SXNzdWU5NzUxODE1NA=='}, {'id': 'MDU6SXNzdWU5NzU2ODE0Mg=='}]}"
gatsby,{'totalCount': 44113},{'name': 'JavaScript'},"{'totalCount': 10312, 'nodes': [{'id': 'MDU6SXNzdWU3OTU3NDY5Ng=='}, {'id': 'MDU6SXNzdWU4ODA1NDc4NQ=='}, {'id': 'MDU6SXNzdWU5MDIyOTA2Nw=='}, {'id': 'MDU6SXNzdWU5MDIyOTM5OQ=='}, {'id': 'MDU6SXNzdWU5MDIyOTQ3MQ=='}, {'id': 'MDU6SXNzdWU5MDIyOTU1NQ=='}, {'id': 'MDU6SXNzdWU5MTg1NTAyNg=='}, {'id': 'MDU6SXNzdWU5MTg5NTQ1NA=='}, {'id': 'MDU6SXNzdWU5Mjk1MjcwNA=='}, {'id': 'MDU6SXNzdWU5NjczMzAzNQ=='}]}"
moment,{'totalCount': 43938},{'name': 'JavaScript'},"{'totalCount': 3655, 'nodes': [{'id': 'MDU6SXNzdWU2ODkxNTc='}, {'id': 'MDU6SXNzdWU4MzU1ODM='}, {'id': 'MDU6SXNzdWU4NDEzMjM='}, {'id': 'MDU6SXNzdWU5ODg5OTI='}, {'id': 'MDU6SXNzdWUxMTMxOTk4'}, {'id': 'MDU6SXNzdWUxMTU3ODIx'}, {'id': 'MDU6SXNzdWUxMTU3ODk5'}, {'id': 'MDU6SXNzdWUxMzk3OTg2'}, {'id': 'MDU6SXNzdWUxNTQ3MjA1'}, {'id': 'MDU6SXNzdWUxNzgzODg4'}]}"
hugo,{'totalCount': 43762},{'name': 'Go'},"{'totalCount': 4597, 'nodes': [{'id': 'MDU6SXNzdWUxNjYwMTY1Mw=='}, {'id': 'MDU6SXNzdWUxNjcyNjYxNA=='}, {'id': 'MDU6SXNzdWUxNzM3OTY3MA=='}, {'id': 'MDU6SXNzdWUxNzUyNTQ3Mg=='}, {'id': 'MDU6SXNzdWUxNzYzNTk1NQ=='}, {'id': 'MDU6SXNzdWUxNzY0MzM3Mw=='}, {'id': 'MDU6SXNzdWUxNzY5NTgzMw=='}, {'id': 'MDU6SXNzdWUxNzczMDgxMw=='}, {'id': 'MDU6SXNzdWUxNzc1MDg3NQ=='}, {'id': 'MDU6SXNzdWUxNzg2ODQ4Mw=='}]}"
interviews,{'totalCount': 43749},{'name': 'Java'},"{'totalCount': 43, 'nodes': [{'id': 'MDU6SXNzdWUyMTM1NzY2MjE='}, {'id': 'MDU6SXNzdWUyMTM1OTAxMDU='}, {'id': 'MDU6SXNzdWUyMTM2MzMzNTQ='}, {'id': 'MDU6SXNzdWUyMTM2MzQ5MDI='}, {'id': 'MDU6SXNzdWUyMTM2NjE5NDA='}, {'id': 'MDU6SXNzdWUyMTM4MzEzMDU='}, {'id': 'MDU6SXNzdWUyMTU5NDEzNzQ='}, {'id': 'MDU6SXNzdWUyMjE0NjQ5NTc='}, {'id': 'MDU6SXNzdWUyNTU0MDczMTE='}, {'id': 'MDU6SXNzdWUyNTU2OTE0MDI='}]}"
nodebestpractices,{'totalCount': 43498},{'name': 'JavaScript'},"{'totalCount': 178, 'nodes': [{'id': 'MDU6SXNzdWUyNjc1NzYyNzI='}, {'id': 'MDU6SXNzdWUyNzA5NTQyNTQ='}, {'id': 'MDU6SXNzdWUyNzA5ODExMjM='}, {'id': 'MDU6SXNzdWUyNzEwOTc2NzQ='}, {'id': 'MDU6SXNzdWUyNzExMTM0MDk='}, {'id': 'MDU6SXNzdWUyNzEyMDQ3MDI='}, {'id': 'MDU6SXNzdWUyNzEyNDgyMDM='}, {'id': 'MDU6SXNzdWUyNzE0NjA4MTU='}, {'id': 'MDU6SXNzdWUyNzE2Njc5MDM='}, {'id': 'MDU6SXNzdWUyNzE4MDA3NDQ='}]}"
bitcoin,{'totalCount': 43209},{'name': 'C++'},"{'totalCount': 5402, 'nodes': [{'id': 'MDU6SXNzdWU0ODI4OTM='}, {'id': 'MDU6SXNzdWU0ODI4OTg='}, {'id': 'MDU6SXNzdWU0ODI5MDU='}, {'id': 'MDU6SXNzdWU0ODI5MDk='}, {'id': 'MDU6SXNzdWU0ODMxMjg='}, {'id': 'MDU6SXNzdWU0ODQwMzU='}, {'id': 'MDU6SXNzdWU0ODQxNzQ='}, {'id': 'MDU6SXNzdWU0ODQxODY='}, {'id': 'MDU6SXNzdWU0ODgzNzk='}, {'id': 'MDU6SXNzdWU0ODgzOTk='}]}"
